[
    {
        "key": "groupe1",
        "title": "Stratégie Marketing",
        "description": "Questions sur la stratégie marketing actuelle",
        "questions": [
            {
                "text": "Avez-vous une stratégie marketing documentée ?",
                "type": "radio",
                "options": ["Oui", "Non"],
                "coef": 1
            },
            {
                "text": "Utilisez-vous les réseaux sociaux pour votre marketing ?",
                "type": "radio",
                "options": ["Oui", "Non"],
                "coef": 1
            }
        ]
    },
    {
        "key": "groupe2",
        "title": "Communication Client",
        "description": "Questions sur la communication avec les clients",
        "questions": [
            {
                "text": "Avez-vous un système de newsletter ?",
                "type": "radio",
                "options": ["Oui", "Non"],
                "coef": 1
            },
            {
                "text": "Mesurez-vous la satisfaction client ?",
                "type": "radio",
                "options": ["Oui", "Non"],
                "coef": 1
            }
        ]
    }
] 