[
    {
        "date": "2025-04-05T21:11:10.216777",
        "username": "admin",
        "client_name": "jihad",
        "group": "groupe1",
        "group_title": "Stratégie Marketing",
        "question": "Avez-vous une stratégie marketing documentée ?",
        "response": "Oui",
        "comment": ""
    },
    {
        "date": "2025-04-05T21:11:10.223983",
        "username": "admin",
        "client_name": "jihad",
        "group": "groupe1",
        "group_title": "Stratégie Marketing",
        "question": "Utilisez-vous les réseaux sociaux pour votre marketing ?",
        "response": "Oui",
        "comment": ""
    },
    {
        "date": "2025-04-05T21:11:13.904630",
        "username": "admin",
        "client_name": "jihad",
        "group": "groupe2",
        "group_title": "Communication Client",
        "question": "Avez-vous un système de newsletter ?",
        "response": "Oui",
        "comment": ""
    },
    {
        "date": "2025-04-05T21:11:13.920496",
        "username": "admin",
        "client_name": "jihad",
        "group": "groupe2",
        "group_title": "Communication Client",
        "question": "Mesurez-vous la satisfaction client ?",
        "response": "Oui",
        "comment": ""
    },
    {
        "date": "2025-04-05T21:15:22.377710",
        "username": "admin",
        "client_name": "saad",
        "group": "communication",
        "group_title": "Communication",
        "question": "Est-ce que vous faite de la publicité, promotion commerciale, la vente personnelle, les relations publiques et le marketing direct?",
        "response": "Oui",
        "comment": ""
    },
    {
        "date": "2025-04-05T21:15:22.404714",
        "username": "admin",
        "client_name": "saad",
        "group": "communication",
        "group_title": "Communication",
        "question": "Avez-vous une politique de communication ?",
        "response": "Oui",
        "comment": ""
    },
    {
        "date": "2025-04-05T21:15:22.457720",
        "username": "admin",
        "client_name": "saad",
        "group": "communication",
        "group_title": "Communication",
        "question": "Avez-vous des objectifs de communication?",
        "response": "Oui",
        "comment": ""
    },
    {
        "date": "2025-04-05T21:15:22.462725",
        "username": "admin",
        "client_name": "saad",
        "group": "communication",
        "group_title": "Communication",
        "question": "Avez-vous un plan de communication ?",
        "response": "Oui",
        "comment": ""
    },
    {
        "date": "2025-04-05T21:15:22.468664",
        "username": "admin",
        "client_name": "saad",
        "group": "communication",
        "group_title": "Communication",
        "question": "Avez-vous des supports de communication de format variable ex: Panneau Publicitaire?",
        "response": "Oui",
        "comment": ""
    },
    {
        "date": "2025-04-05T21:15:22.468664",
        "username": "admin",
        "client_name": "saad",
        "group": "communication",
        "group_title": "Communication",
        "question": "Avez-vous des supports clés de communication ex: Carte visite",
        "response": "Oui",
        "comment": ""
    },
    {
        "date": "2025-04-05T21:15:22.494012",
        "username": "admin",
        "client_name": "saad",
        "group": "communication",
        "group_title": "Communication",
        "question": "Avez-vous des supports clés de communication ex: brochers",
        "response": "Oui",
        "comment": ""
    },
    {
        "date": "2025-04-05T21:15:22.501673",
        "username": "admin",
        "client_name": "saad",
        "group": "communication",
        "group_title": "Communication",
        "question": "Avez-vous des supports clés de communication ex: flyers",
        "response": "Oui",
        "comment": ""
    },
    {
        "date": "2025-04-05T21:15:22.501748",
        "username": "admin",
        "client_name": "saad",
        "group": "communication",
        "group_title": "Communication",
        "question": "Avez-vous des comptes dans les sociales médias ?",
        "response": "Oui",
        "comment": ""
    },
    {
        "date": "2025-04-05T21:15:24.577468",
        "username": "admin",
        "client_name": "saad",
        "group": "marque",
        "group_title": "La politique de marque",
        "question": "Avez-vous choisi le nom de coopérative qui es facile à mémoriser dans l'esprit des consommateurs ?",
        "response": "Oui",
        "comment": ""
    },
    {
        "date": "2025-04-05T21:15:24.583575",
        "username": "admin",
        "client_name": "saad",
        "group": "marque",
        "group_title": "La politique de marque",
        "question": "Pensez-vous que le logotype de votre coopérative est un symbole ou une représentation graphique ?",
        "response": "Oui",
        "comment": ""
    },
    {
        "date": "2025-04-05T21:15:24.606948",
        "username": "admin",
        "client_name": "saad",
        "group": "marque",
        "group_title": "La politique de marque",
        "question": "Avez-vous choisiez un Logo Flexible qui' il peut s'adapter et être lisible sur tous les supports?",
        "response": "Oui",
        "comment": ""
    },
    {
        "date": "2025-04-05T21:15:24.614207",
        "username": "admin",
        "client_name": "saad",
        "group": "marque",
        "group_title": "La politique de marque",
        "question": "Est-ce que votre Logo de la coopérative est simple & distinctif & illustre spécifiquement les activités et les produits?",
        "response": "Oui",
        "comment": ""
    },
    {
        "date": "2025-04-05T21:15:24.620368",
        "username": "admin",
        "client_name": "saad",
        "group": "marque",
        "group_title": "La politique de marque",
        "question": "Est-ce que votre Logo est Logo durable ?",
        "response": "Oui",
        "comment": ""
    },
    {
        "date": "2025-04-05T21:15:24.627373",
        "username": "admin",
        "client_name": "saad",
        "group": "marque",
        "group_title": "La politique de marque",
        "question": "Est-ce que votre Logo est mémorisable facile de s'en souvenir, de le reconnaître, et de l'associer à la coopérative?",
        "response": "Oui",
        "comment": ""
    },
    {
        "date": "2025-04-05T21:15:24.633504",
        "username": "admin",
        "client_name": "saad",
        "group": "marque",
        "group_title": "La politique de marque",
        "question": "Avez-vous choisiez une couleur de logo fraiche symbolique de la nature, l'environnement et le bio?",
        "response": "Oui",
        "comment": ""
    },
    {
        "date": "2025-04-05T21:15:27.355731",
        "username": "admin",
        "client_name": "saad",
        "group": "conditionnement",
        "group_title": "Le conditionnement & l'étiquette",
        "question": "Est ce que le conditionnement de votre produit permet de Protège le produit)",
        "response": "Oui",
        "comment": ""
    },
    {
        "date": "2025-04-05T21:15:27.361732",
        "username": "admin",
        "client_name": "saad",
        "group": "conditionnement",
        "group_title": "Le conditionnement & l'étiquette",
        "question": "Avez-vous choisiez Le conditionnement de votre produit pour Faciliter le transport du produit",
        "response": "Oui",
        "comment": ""
    },
    {
        "date": "2025-04-05T21:15:27.389493",
        "username": "admin",
        "client_name": "saad",
        "group": "conditionnement",
        "group_title": "Le conditionnement & l'étiquette",
        "question": "Avez-vous choisiez Le conditionnement de votre produit pour faciliter l'utilisation d'un produit",
        "response": "Oui",
        "comment": ""
    },
    {
        "date": "2025-04-05T21:15:27.408029",
        "username": "admin",
        "client_name": "saad",
        "group": "conditionnement",
        "group_title": "Le conditionnement & l'étiquette",
        "question": "est ce que le conditionnement de votre produit permet d'attirer la clientèle + Protéger le produit",
        "response": "Oui",
        "comment": ""
    },
    {
        "date": "2025-04-05T21:15:27.423636",
        "username": "admin",
        "client_name": "saad",
        "group": "conditionnement",
        "group_title": "Le conditionnement & l'étiquette",
        "question": "Avez-vous choisiez Le conditionnement de votre produit pour mémorise le logo et marque du produit",
        "response": "Oui",
        "comment": ""
    },
    {
        "date": "2025-04-05T21:15:27.425317",
        "username": "admin",
        "client_name": "saad",
        "group": "conditionnement",
        "group_title": "Le conditionnement & l'étiquette",
        "question": "Avez-vous choisiez la carte d'identité du produit ce form d'étiquete?",
        "response": "Oui",
        "comment": ""
    },
    {
        "date": "2025-04-05T21:15:27.440339",
        "username": "admin",
        "client_name": "saad",
        "group": "conditionnement",
        "group_title": "Le conditionnement & l'étiquette",
        "question": "Est ce que L'étiquette de votre produit permet d'informer le consommateur sur les produits, de comparer les produits?",
        "response": "Oui",
        "comment": ""
    },
    {
        "date": "2025-04-05T21:15:27.472671",
        "username": "admin",
        "client_name": "saad",
        "group": "conditionnement",
        "group_title": "Le conditionnement & l'étiquette",
        "question": "Avez-vous choisiez une fiche de communication contenant Un ensemble de mentions obligatoires ou non figurants",
        "response": "Oui",
        "comment": ""
    },
    {
        "date": "2025-04-05T21:15:27.479668",
        "username": "admin",
        "client_name": "saad",
        "group": "conditionnement",
        "group_title": "Le conditionnement & l'étiquette",
        "question": "Avez-vous des étiquettes sur vos produits qui sont autres que le type et le nom de la coopérative?",
        "response": "Oui",
        "comment": ""
    },
    {
        "date": "2025-04-05T21:15:30.359053",
        "username": "admin",
        "client_name": "saad",
        "group": "emballage",
        "group_title": "L'emballage",
        "question": "Avez-vous un emballage pour votre produit?",
        "response": "Oui",
        "comment": ""
    },
    {
        "date": "2025-04-05T21:15:30.366055",
        "username": "admin",
        "client_name": "saad",
        "group": "emballage",
        "group_title": "L'emballage",
        "question": "votre emballage est il adapte a la livraison",
        "response": "Oui",
        "comment": ""
    },
    {
        "date": "2025-04-05T21:15:30.375054",
        "username": "admin",
        "client_name": "saad",
        "group": "emballage",
        "group_title": "L'emballage",
        "question": "votre emballage répond t il au norme de qualite",
        "response": "Oui",
        "comment": ""
    },
    {
        "date": "2025-04-05T21:15:30.403363",
        "username": "admin",
        "client_name": "saad",
        "group": "emballage",
        "group_title": "L'emballage",
        "question": "votre emballage comporte t il une fermeture de garantie",
        "response": "Oui",
        "comment": ""
    },
    {
        "date": "2025-04-05T21:15:32.974619",
        "username": "admin",
        "client_name": "saad",
        "group": "prix",
        "group_title": "La politique du prix",
        "question": "Avez-vous des listes des prix concernant les produits alimentaires et cosmétiques",
        "response": "Oui",
        "comment": ""
    },
    {
        "date": "2025-04-05T21:15:32.980618",
        "username": "admin",
        "client_name": "saad",
        "group": "prix",
        "group_title": "La politique du prix",
        "question": "Avez-vous mettre en place une comptabilité analytique pour inclure tous les dépenses",
        "response": "Oui",
        "comment": ""
    },
    {
        "date": "2025-04-05T21:15:32.986616",
        "username": "admin",
        "client_name": "saad",
        "group": "prix",
        "group_title": "La politique du prix",
        "question": "est ce que les prix de votre produit seront un peu élevés par rapport aux celles-ci du souk suite à la qualité différente.",
        "response": "Oui",
        "comment": ""
    },
    {
        "date": "2025-04-05T21:15:33.002365",
        "username": "admin",
        "client_name": "saad",
        "group": "prix",
        "group_title": "La politique du prix",
        "question": "Est que vous essayer d'identifier le prix convenable pour chaque cible",
        "response": "Oui",
        "comment": ""
    },
    {
        "date": "2025-04-05T21:15:33.026765",
        "username": "admin",
        "client_name": "saad",
        "group": "prix",
        "group_title": "La politique du prix",
        "question": "Avez-vous prendre en considération le pouvoir d'achat des gens du village et les gens étrangers pour?",
        "response": "Oui",
        "comment": ""
    },
    {
        "date": "2025-04-05T21:15:33.036351",
        "username": "admin",
        "client_name": "saad",
        "group": "prix",
        "group_title": "La politique du prix",
        "question": "Est ce que vous prendre en considération l'augmentation de la demande lors des vacances et les fêtes religieuse (RAMADAN, AID AL FITER, AID AL ADEHA...)?",
        "response": "Oui",
        "comment": ""
    },
    {
        "date": "2025-04-05T21:15:35.367310",
        "username": "admin",
        "client_name": "saad",
        "group": "promotions",
        "group_title": "Les promotions & Distribution",
        "question": "Est ce que vous faite des réductions pour les clients fidèles?",
        "response": "Oui",
        "comment": ""
    },
    {
        "date": "2025-04-05T21:15:35.374310",
        "username": "admin",
        "client_name": "saad",
        "group": "promotions",
        "group_title": "Les promotions & Distribution",
        "question": "Est que vous faite des réduction pour le client qui a acheté 3 articles ou plus?",
        "response": "Oui",
        "comment": ""
    },
    {
        "date": "2025-04-05T21:15:35.399035",
        "username": "admin",
        "client_name": "saad",
        "group": "promotions",
        "group_title": "Les promotions & Distribution",
        "question": "est ce que vous avez des carte fidelite",
        "response": "Oui",
        "comment": ""
    },
    {
        "date": "2025-04-05T21:15:35.399035",
        "username": "admin",
        "client_name": "saad",
        "group": "promotions",
        "group_title": "Les promotions & Distribution",
        "question": "est ce que vous proposer des cadeau pour vos clients",
        "response": "Oui",
        "comment": ""
    },
    {
        "date": "2025-04-05T21:15:35.419803",
        "username": "admin",
        "client_name": "saad",
        "group": "promotions",
        "group_title": "Les promotions & Distribution",
        "question": "Est que vous considérez Le siège de la coopérative comme le premier point de vente ou les produits seront disponibles tous au long de la journée?",
        "response": "Oui",
        "comment": ""
    },
    {
        "date": "2025-04-05T21:15:35.423250",
        "username": "admin",
        "client_name": "saad",
        "group": "promotions",
        "group_title": "Les promotions & Distribution",
        "question": "Est que vous avez distribué vos produits aux plusieurs épiceries locaux?",
        "response": "Oui",
        "comment": ""
    },
    {
        "date": "2025-04-05T21:15:35.435385",
        "username": "admin",
        "client_name": "saad",
        "group": "promotions",
        "group_title": "Les promotions & Distribution",
        "question": "Est-ce que vous avez déposé des demandes aux supermarchés pour commercialiser vos produits?",
        "response": "Oui",
        "comment": ""
    },
    {
        "date": "2025-04-05T21:15:35.448096",
        "username": "admin",
        "client_name": "saad",
        "group": "promotions",
        "group_title": "Les promotions & Distribution",
        "question": "Est-ce que vous pensez a augmenter la part de marche par d'ajouter différant produits?",
        "response": "Oui",
        "comment": ""
    }
]